fdc_id,description,calories,protein_g,fat_g,carbs_g
2187885,chicken breast,165.0,20.4,8.1,1.06
2092152,chicken breast,143.0,14.3,8.93,3.57
2055943,chicken breast,107.0,21.4,1.79,0.0
2125872,chicken breast,107.0,19.6,1.79,1.79
2096160,chicken breast,96.0,11.4,4.16,5.71
2066523,chicken breast,116.0,17.0,2.23,3.57
2279206,chicken breast,107.0,21.4,1.79,0.0
1935739,chicken breast,92.0,18.4,1.02,2.04
2620738,chicken breast,107.0,17.9,2.68,1.79
1648039,chicken breast,107.0,17.9,1.79,3.57
2705964,"chicken breast, rotisserie, skin not eaten",144.0,28.04,3.57,0.0
171515,"chicken breast tenders, breaded, uncooked",1100.0,14.7,15.8,15.0
174608,"chicken breast, roll, oven-roasted",562.0,14.6,7.65,1.79
2705963,"chicken breast, rotisserie, skin eaten",175.0,26.37,7.67,0.09
2705971,"chicken breast, sauteed, skin eaten",206.0,25.72,10.62,0.0
2705972,"chicken breast, sauteed, skin not eaten",176.0,29.62,5.45,0.0
2705965,"chicken breast, stewed, skin eaten",181.0,24.7,8.28,0.0
2705966,"chicken breast, stewed, skin not eaten",149.0,27.96,3.26,0.0
356554,rice,139.0,3.47,2.43,26.4
2077766,rice,356.0,6.67,0.0,77.8
356582,rice,356.0,6.67,0.0,80.0
1888780,rice,356.0,6.67,0.0,80.0
2021679,rice,340.0,6.38,0.0,78.7
2116789,rice,333.0,6.67,0.0,75.6
2443255,rice,356.0,6.67,0.0,80.0
2709078,dirty rice,112.0,5.12,2.25,17.25
2709089,rice dressing,110.0,1.98,3.29,17.61
2708163,"crackers, rice",416.0,10.0,5.0,82.64
2708166,rice paper,323.0,5.91,1.11,72.26
2709077,rice pilaf,137.0,3.29,3.03,24.08
2708162,rice cake,392.0,7.1,4.3,81.1
2708161,"chips, rice",384.0,8.2,2.8,81.5
2708958,"adobo, with rice",181.0,17.69,7.94,8.86
2707794,"bread, rice",248.0,4.31,5.24,45.78
2708415,cream of rice,69.0,1.17,0.09,15.28
2706726,gumbo with rice,89.0,8.16,3.43,6.55
2706879,"gumbo, no rice",83.0,8.54,3.68,4.03
2705685,"pudding, rice",108.0,3.23,2.15,18.39
2575290,egg,513.0,6.41,28.8,57.7
2171141,egg,367.0,0.0,0.0,90.0
2677671,egg,159.0,11.4,11.4,2.27
747997,"eggs, grade a, large, egg white",55.0,10.7,0.0,2.36
748967,"eggs, grade a, large, egg whole",617.0,12.4,9.96,0.96
748236,"eggs, grade a, large, egg yolk",1400.0,16.2,28.8,1.02
2707180,"egg, benedict",288.0,13.81,22.1,8.48
2707179,"egg, creamed",148.0,7.79,10.35,5.52
2707181,"egg, deviled",198.0,11.52,15.9,1.07
174901,"bagels, egg",278.0,10.6,2.1,53.0
172673,"bread, egg",287.0,9.5,6.0,47.8
2708984,"congee, with egg",60.0,3.12,2.06,6.91
2707343,egg burrito,249.0,10.91,13.71,20.06
2708597,"quesadilla, egg",249.0,10.91,13.71,20.06
2708602,"taquito, egg",281.0,9.9,13.56,29.25
2707201,"egg omelet or scrambled egg, made with butter",182.0,11.61,14.64,0.9
2707199,"egg omelet or scrambled egg, made with margarine",171.0,11.57,13.52,0.95
2707200,"egg omelet or scrambled egg, made with oil",192.0,11.56,15.81,0.9
2707205,"egg omelet or scrambled egg, no added fat",143.0,12.36,9.93,0.96
2707198,"egg omelet or scrambled egg, ns as to fat",185.0,11.58,15.0,0.91
1909132,milk,55.0,3.39,2.12,5.08
2078244,milk,62.0,3.75,3.33,4.58
2083027,milk,62.0,3.33,3.33,5.42
2503416,milk,62.0,3.33,3.33,5.42
2501185,milk,62.0,3.33,3.33,5.42
2475001,milk,51.0,3.38,1.97,5.07
2062196,milk,62.0,3.33,3.33,5.0
2476573,milk,67.0,3.75,3.33,5.42
2454032,milk,67.0,3.75,3.33,5.42
2098011,milk,54.0,4.17,2.08,5.42
1909141,milk,55.0,3.39,2.12,5.08
1954124,milk,133.0,3.33,11.7,3.33
2471393,milk,71.0,3.33,3.75,5.42
2062449,milk,63.0,3.38,3.38,4.59
2630156,milk,62.0,3.33,3.33,5.0
2092649,milk,62.0,3.33,3.33,4.58
2658737,milk,67.0,3.75,3.33,5.42
1881028,milk,67.0,3.33,3.75,5.42
2074481,milk,62.0,3.33,3.33,5.0
2078442,milk,62.0,3.33,3.33,5.0
2012128,banana,312.0,12.5,6.25,40.6
2011468,banana,336.0,0.0,1.07,78.6
173945,"bananas, dehydrated, or banana powder",346.0,3.89,1.81,88.3
2709225,"banana, baked",161.0,0.82,3.21,32.43
2709224,"banana, raw",97.0,0.74,0.28,22.71
2709200,banana chips,519.0,2.3,33.6,58.4
2709342,banana nectar,74.0,0.26,0.13,18.01
2705697,banana pudding,160.0,2.57,4.26,28.0
2705660,banana split,199.0,2.42,6.88,32.59
173944,"bananas, raw",89.0,1.09,0.33,22.8
1105073,"bananas, overripe, raw",357.0,0.73,0.22,20.1
2707856,"cake or cupcake, banana",379.0,2.47,17.51,53.07
167629,"melon, banana (navajo)",21.0,0.84,0.2,4.06
169394,"pepper, banana, raw",113.0,1.66,0.45,5.35
2709802,"peppers, banana, raw",27.0,1.66,0.45,5.35
2708004,"pie, banana cream",284.0,2.42,16.17,32.35
168849,"snacks, banana chips",2170.0,2.3,33.6,58.4
171351,"babyfood, apple-banana juice",213.0,0.2,0.1,12.3
167732,"babyfood, banana no tapioca, strained",381.0,1.0,0.2,21.3
170962,"babyfood, juice, orange and banana",50.0,0.7,0.1,11.9
454004,apple,52.0,0.0,0.65,14.3
2117388,apple,46.0,0.0,0.0,11.7
2124902,apple,54.0,0.41,0.0,14.0
2709294,"apple, candied",134.0,1.34,2.15,29.61
2709215,"apple, raw",61.0,0.17,0.15,14.8
2709196,"apple, dried",243.0,0.93,0.32,65.89
2708023,"crisp, apple",215.0,2.81,9.59,30.18
2709220,"apple, baked",113.0,0.32,3.08,22.7
2709319,apple cider,46.0,0.1,0.13,11.3
2708019,"cobbler, apple",217.0,2.05,8.66,33.56
174988,"croissants, apple",254.0,7.4,8.7,37.1
2707995,"pie, apple",296.0,2.7,15.28,37.55
2708039,"strudel, apple",281.0,1.96,14.08,37.18
175032,"strudel, apple",274.0,3.3,11.2,41.1
2709219,apple pie filling,100.0,0.1,0.1,26.1
2709320,"apple juice, 100%",48.0,0.09,0.25,11.34
2709293,apple salad with dressing,180.0,1.45,14.24,12.2
170959,"babyfood, juice, apple",47.0,0.0,0.1,11.7
2707855,"cake or cupcake, apple",376.0,2.41,17.5,52.52
168816,"fruit butters, apple",724.0,0.39,0.3,42.5
2016166,salmon,139.0,15.2,7.95,2.65
1028841,salmon,232.0,19.0,15.5,0.0
2470000,salmon,207.0,20.7,13.2,0.0
1895461,salmon,209.0,21.8,11.8,1.82
2706850,lomi salmon,60.0,7.55,1.86,3.31
2706826,salmon salad,213.0,10.82,17.36,2.73
172343,"fish oil, salmon",902.0,0.0,100.0,0.0
2706291,"fish, salmon, canned",136.0,24.62,4.21,0.0
2706289,"fish, salmon, fried",307.0,17.45,20.68,11.72
2706287,"fish, salmon, grilled",259.0,25.92,16.48,0.0
2706285,"fish, salmon, nfs",274.0,25.4,18.4,0.01
2706284,"fish, salmon, raw",188.0,20.44,11.16,0.0
2706292,"fish, salmon, smoked",117.0,18.28,4.32,0.0
2706290,"fish, salmon, steamed",237.0,25.82,14.1,0.0
2707023,salmon cake sandwich,279.0,13.86,15.93,19.37
2708963,"sushi roll, salmon",103.0,6.88,1.28,15.3
2708969,"sushi, topped with salmon",107.0,8.92,1.74,13.39
2706552,"fish, salmon cake or patty",285.0,16.07,22.1,4.46
2706286,"fish, salmon, baked or broiled",274.0,25.4,18.4,0.01
173688,"fish, salmon, chinook, raw",750.0,19.9,10.4,0.0
2020713,oats,375.0,12.5,6.25,67.5
2014676,oats,375.0,12.5,6.25,67.5
2705412,oat milk,45.0,0.66,2.33,5.37
2708489,"oats, raw",379.0,13.15,6.52,67.7
173576,"oil, oat",3700.0,0.0,100.0,0.0
2708462,"cereal, oat bunches",392.0,7.43,6.06,76.25
2707772,"bagel, oat bran",250.0,10.2,1.53,48.89
172666,"bagels, oat bran",255.0,10.7,1.2,53.3
2707770,"bread, oat bran",299.0,9.33,4.89,53.89
172676,"bread, oat bran",236.0,10.4,4.4,39.8
2708466,"cereal, oat squares",379.0,10.4,5.22,73.27
2707840,"muffin, oat bran",270.0,7.0,7.4,48.3
172769,"muffins, oat bran",270.0,7.0,7.4,48.3
168873,"oat bran, cooked",40.0,3.21,0.86,11.4
168872,"oat bran, raw",246.0,17.3,7.03,66.2
2705441,"yogurt, greek, with oats",149.0,9.22,3.67,20.02
174626,"cereals, quaker, oat bran, quaker/mother's oat bran, dry",1520.0,17.0,7.97,62.9
2707771,"bread, oat bran, toasted",296.0,9.23,4.84,53.3
172677,"bread, oat bran, toasted",259.0,11.4,4.8,43.7
2708467,"cereal, frosted oats with marshmallows",372.0,8.17,4.07,76.61
2058078,bread,146.0,3.57,0.0,32.1
1916888,bread,263.0,7.89,0.0,55.3
2339103,bread,196.0,8.7,2.17,43.5
2071481,bread,357.0,10.7,5.36,66.1
2431121,bread,306.0,5.88,7.06,51.8
2011754,bread,222.0,5.56,4.17,44.4
2071305,bread,263.0,8.77,0.88,56.1
1850717,bread,240.0,8.0,1.0,50.0
2072082,bread,269.0,7.69,3.85,50.0
2157209,bread,8600.0,270.0,150.0,1700.0
2071165,bread,306.0,10.2,8.16,49.0
1941823,bread,250.0,7.14,0.0,50.0
1153769,bread,250.0,10.4,0.0,52.1
2480938,bread,255.0,7.27,4.55,47.3
2436286,bread,222.0,11.1,3.33,44.4
2014227,bread,248.0,10.0,1.0,54.0
2707850,"bread, fruit",374.0,6.01,18.1,47.34
2707613,"bread, naan",311.0,11.09,7.28,50.23
2707851,"bread, zucchini",306.0,5.05,13.14,42.64
2707714,"bread, puri",409.0,6.84,24.94,39.23
2709510,potato patty,171.0,3.89,11.32,13.49
2709556,"soup, potato",90.0,1.51,4.71,10.53
2709552,potato pancake,196.0,4.47,10.8,20.64
2709554,stewed potatoes,103.0,1.99,3.39,16.26
2709382,"potato, nfs",126.0,1.87,4.25,20.45
167943,"bread, potato",266.0,12.5,3.13,47.1
2707642,"bread, potato",266.0,12.5,3.13,47.07
2708722,"gnocchi, potato",135.0,2.44,6.33,17.2
168446,potato flour,1490.0,6.9,0.34,83.1
170092,potato pancakes,1120.0,6.08,14.8,27.8
2709557,"soup, potato with meat",109.0,3.78,6.43,8.81
2709511,"potato tots, nfs",237.0,1.9,15.46,24.4
2709513,"potato tots, school",166.0,2.02,9.16,19.34
2709715,sweet potato tots,191.0,2.26,9.35,37.3
2709385,"potato, boiled, nfs",126.0,1.87,4.25,20.45
2709421,"potato chips, nfs",532.0,6.39,33.98,53.83
2709422,"potato chips, plain",532.0,6.39,33.98,53.83
2709438,"potato chips, unsalted",537.0,6.25,30.3,59.66
2709445,"potato sticks, flavored",517.0,6.63,34.06,52.77
465736,pasta,375.0,12.5,1.79,78.6
2071343,pasta,340.0,11.3,2.83,66.0
2063604,pasta,357.0,12.5,2.68,69.6
1664662,pasta,94.0,3.51,2.34,14.6
1902154,pasta,368.0,12.0,0.25,77.5
2069040,pasta,300.0,11.2,15.0,33.8
2432724,pasta,357.0,12.5,1.79,71.4
1855647,pasta,357.0,12.5,1.79,73.2
2708357,"pasta, cooked",157.0,5.76,0.92,30.68
2708930,flavored pasta,87.0,2.47,2.21,14.45
2708351,"pasta, vegetable, cooked",128.0,4.52,0.11,26.55
2708359,"pasta, gluten free",179.0,3.2,1.0,38.05
2708828,"pasta with sauce, nfs",125.0,5.86,2.58,19.15
169736,"pasta, dry, enriched",371.0,13.0,1.51,74.7
168927,"pasta, dry, unenriched",371.0,13.0,1.51,74.7
2706593,"stew, beef, with pasta",132.0,9.76,5.23,10.81
2706677,"stew, chicken, with pasta",108.0,10.24,2.49,10.81
2706520,"stew, pork, with pasta",133.0,9.35,5.58,10.81
2710136,"toddler meal, pasta",101.0,4.08,2.18,16.11
2708358,"pasta, whole grain, cooked",148.0,5.95,1.7,29.89
463067,yogurt,94.0,2.94,2.94,15.9
2554062,yogurt,62.0,3.52,3.52,4.41
167722,tofu yogurt,394.0,3.5,1.8,16.0
2705443,yogurt tube,81.0,4.34,1.03,13.68
2705442,"yogurt, liquid",74.0,3.65,1.07,12.55
2705414,"yogurt, nfs",94.0,6.67,2.87,10.22
2707444,"yogurt, soy",90.0,4.83,2.63,12.27
2705456,frozen yogurt sandwich,204.0,3.9,6.25,34.38
2705453,"frozen yogurt, chocolate",131.0,3.0,3.6,21.6
2705451,"frozen yogurt, nfs",127.0,3.0,3.6,21.6
2705452,"frozen yogurt, vanilla",127.0,3.0,3.6,21.6
168104,"frozen yogurts, chocolate",547.0,3.0,3.6,21.6
2705450,"yogurt parfait, with fruit",104.0,5.25,2.18,16.08
2707570,"yogurt, almond milk",128.0,3.03,7.03,12.98
2707569,"yogurt, coconut milk",108.0,2.37,5.61,12.91
2705446,"ranch dip, yogurt based",195.0,8.48,16.09,4.13
2705447,"spinach dip, yogurt based",159.0,7.02,12.96,3.59
2709381,baby toddler yogurt melts,380.0,14.29,4.0,71.82
1943515,cheese,331.0,21.1,24.6,2.46
2083541,cheese,500.0,60.0,40.0,40.0
2442206,cheese,321.0,14.3,21.4,14.3
2162106,cheese,400.0,20.0,30.0,0.0
2009474,cheese,250.0,17.9,32.1,0.0
2441105,cheese,357.0,21.4,28.6,0.0
500370,cheese,317.0,23.3,23.3,10.0
2016892,cheese,393.0,25.0,32.1,3.57
1917094,cheese,429.0,25.0,35.7,0.0
2095090,cheese,393.0,32.1,28.6,3.57
2511005,cheese,221.0,10.7,9.4,24.8
1986609,cheese,714.0,0.0,78.6,0.0
2061880,cheese,393.0,28.6,32.1,0.0
2428690,cheese,393.0,25.0,32.1,0.0
1078173,cheese,393.0,28.6,32.1,0.0
1850812,cheese,286.0,17.9,21.4,0.0
2009472,cheese,250.0,17.9,21.4,3.57
1913921,cheese,362.0,5.17,15.5,50.0
2469393,cheese,393.0,28.6,32.1,0.0
2469939,cheese,393.0,28.6,32.1,0.0
2056092,beef,129.0,20.0,5.88,0.0
2466144,beef,204.0,16.8,11.5,0.0
2038522,beef,125.0,19.6,6.25,0.0
2533463,beef,125.0,19.6,6.25,0.0
2070091,beef,179.0,16.1,12.5,1.79
2070255,beef,182.0,16.4,12.7,1.82
2059010,beef,300.0,12.0,26.0,2.0
2502224,beef,144.0,3.2,1.6,28.8
2070259,beef,179.0,16.1,12.5,1.79
2674191,beef,301.0,11.5,27.4,1.77
2706371,beef burgundy,148.0,18.48,6.0,4.19
170602,"beef, cured, corned beef, canned",250.0,27.1,14.9,0.0
2706592,"stew, beef",107.0,8.76,5.07,6.29
2705854,"beef, ground",261.0,25.55,16.82,0.0
170200,"beef, cured, corned beef, brisket, cooked",251.0,18.2,19.0,0.47
170199,"beef, cured, corned beef, brisket, raw",198.0,14.7,14.9,0.14
2705851,"beef, brisket",231.0,29.41,12.04,0.0
2705822,"beef, nfs",231.0,27.13,13.04,0.0
2705843,"beef, oxtails",257.0,25.9,16.46,0.0
2705847,"beef, roast",206.0,29.08,9.72,0.0
2068771,tuna,94.0,5.66,3.77,10.4
175160,"fish, tuna salad",187.0,16.0,9.26,9.41
2706311,"fish, tuna, canned",85.0,19.0,0.94,0.08
2706310,"fish, tuna, cooked",176.0,30.31,5.14,0.01
2706309,"fish, tuna, nfs",85.0,19.0,0.94,0.08
2706308,"fish, tuna, raw",109.0,24.4,0.49,0.0
2708965,sushi roll tuna,97.0,7.4,0.26,15.3
2708971,"sushi, topped with tuna",100.0,9.66,0.29,13.39
2706560,tuna cake or patty,206.0,15.33,14.92,2.65
2706839,tuna salad with cheese,214.0,11.33,17.58,2.85
2706840,tuna salad with egg,190.0,10.28,15.4,2.74
2708817,macaroni or noodles with cheese and tuna,164.0,7.59,6.79,18.23
2707034,tuna salad sandwich on white,218.0,9.86,11.76,18.33
2707038,tuna salad sandwich wrap,244.0,10.59,14.82,16.99
2707036,tuna salad sandwich on wheat,217.0,10.52,11.89,17.07
2708942,macaroni or pasta salad with tuna,200.0,6.69,9.9,20.88
2706572,tuna and rice with mushroom sauce,128.0,4.57,5.17,15.39
2706828,"tuna salad, made with mayonnaise",194.0,10.07,15.84,2.89
2706450,tuna with cream or white sauce,102.0,14.42,3.71,2.81
2707035,"tuna salad sandwich on white, with cheese",233.0,10.96,13.5,16.94
2101968,lentils,292.0,22.9,2.08,62.5
1998769,lentils,175.0,0.0,0.0,47.5
2404725,lentils,69.0,4.62,0.0,12.3
2431290,lentils,292.0,22.9,2.08,62.5
2404278,lentils,343.0,25.7,0.0,62.9
2056216,lentils,360.0,24.0,1.0,64.0
2383170,lentils,250.0,25.0,0.0,64.3
1469497,lentils,219.0,25.0,0.0,59.4
2110314,lentils,360.0,26.0,1.0,60.0
2411573,lentils,286.0,22.9,1.43,65.7
2507171,lentils,205.0,14.1,0.0,35.3
2025325,lentils,229.0,28.6,0.0,57.1
1899534,lentils,219.0,25.0,0.0,59.4
2425458,lentils,286.0,22.9,1.43,65.7
2424296,lentils,286.0,22.9,1.43,65.7
1795141,lentils,286.0,22.9,1.43,65.7
2008710,lentils,343.0,28.6,0.0,57.1
2653967,lentils,286.0,22.9,1.43,65.7
1580036,lentils,356.0,24.4,0.0,64.4
1886220,beans,340.0,22.0,3.0,70.0
2169653,beans,97.0,4.37,2.43,14.1
2707400,"bean dip, made with refried beans",119.0,5.44,3.7,15.89
2707428,bean chips,448.0,14.6,21.58,53.12
2707453,"soup, bean",67.0,3.76,0.76,11.62
2710009,"bean salad, yellow and/or green string beans",109.0,3.52,5.0,13.0
2707390,baked beans,105.0,4.52,0.89,21.57
2707396,refried beans,90.0,4.98,2.01,13.55
2707409,bean cake,414.0,5.8,21.41,49.88
2707405,beans and franks,138.0,6.74,5.22,17.29
2707347,"beans, nfs",189.0,8.34,7.08,23.78
2708588,"chimichanga, with beans",260.0,7.36,13.78,26.81
2708584,"gordita, with beans",207.0,5.83,11.81,20.17
2708582,"nachos, with beans",210.0,4.62,11.37,23.28
2707406,pork and beans,105.0,4.52,0.89,21.57
2708609,"pupusa, with beans",229.0,5.59,9.01,31.5
169885,"beans, liquid from stewed kidney beans",47.0,1.8,3.2,2.8
2709769,"green beans, raw",40.0,1.97,0.28,7.41
2707368,"lima beans, nfs",165.0,7.25,6.86,19.4
2710309,"bean paste, sweetened",226.0,6.22,0.47,49.98
2068232,chickpeas,128.0,8.0,1.6,20.8
2412635,chickpeas,77.0,3.85,0.77,14.6
2278681,chickpeas,85.0,5.38,0.77,0.0
2655145,chickpeas,138.0,8.46,2.69,26.9
2431762,chickpeas,92.0,4.62,1.54,15.4
1925585,chickpeas,175.0,8.75,2.5,27.5
2707414,"chickpeas, nfs",211.0,8.23,8.91,25.48
174288,chickpea flour (besan),387.0,22.4,6.69,57.8
2707417,"chickpeas, from canned, fat added",197.0,7.88,9.35,21.61
2707418,"chickpeas, from canned, no added fat",146.0,8.19,3.24,22.45
2707419,"chickpeas, from canned, reduced sodium",197.0,7.89,9.37,21.64
2707415,"chickpeas, from dried, fat added",211.0,8.23,8.91,25.48
2707416,"chickpeas, from dried, no added fat",163.0,8.81,2.58,27.26
173756,"chickpeas (garbanzo beans, bengal gram), mature seeds, raw",1580.0,20.5,6.04,63.0
173800,"chickpeas (garbanzo beans, bengal gram), mature seeds, canned, drained solids",139.0,7.05,2.77,22.5
175206,"chickpeas (garbanzo beans, bengal gram), mature seeds, canned, solids and liquids",369.0,4.92,1.95,13.5
173799,"chickpeas (garbanzo beans, bengal gram), mature seeds, cooked, boiled, with salt",686.0,8.86,2.59,27.4
173757,"chickpeas (garbanzo beans, bengal gram), mature seeds, cooked, boiled, without salt",164.0,8.86,2.59,27.4
2549992,broccoli,24.0,2.35,0.0,4.71
1935906,broccoli,29.0,3.53,0.0,4.71
2384291,broccoli,29.0,1.18,0.0,3.53
2325759,broccoli,24.0,2.35,0.0,4.71
539572,broccoli,34.0,2.7,0.34,5.41
2709656,fried broccoli,223.0,4.28,12.88,22.41
2709643,"broccoli, raw",39.0,2.57,0.34,6.27
2706738,beef and broccoli,160.0,10.43,10.63,5.09
747447,"broccoli, raw",31.0,2.57,0.34,6.27
170379,"broccoli, raw",34.0,2.82,0.37,6.64
170382,"broccoli raab, cooked",104.0,3.83,0.52,3.12
170381,"broccoli raab, raw",92.0,3.17,0.49,2.85
2709572,"broccoli raab, raw",22.0,3.17,0.49,2.85
2709573,"broccoli raab, cooked",46.0,3.2,3.15,2.88
2709813,broccoli slaw salad,123.0,1.97,8.11,10.41
2709658,"broccoli, chinese, cooked",50.0,1.22,3.42,4.72
2709657,"broccoli, chinese, raw",26.0,1.2,0.76,4.67
2709654,broccoli casserole with noodles,112.0,3.55,3.77,15.86
2709655,broccoli casserole with rice,107.0,4.14,3.6,15.06
169392,"broccoli, chinese, cooked",22.0,1.14,0.72,3.81
2664391,spinach,18.0,1.18,0.0,2.35
2617829,spinach,29.0,2.35,0.0,3.53
1905313,spinach,24.0,3.53,0.0,3.53
2099349,spinach,21.0,1.67,0.0,3.33
2064619,spinach,17.0,2.61,0.0,2.61
721056,spinach,24.0,2.35,0.0,3.53
1921473,spinach,11.0,0.91,0.0,1.82
2021982,spinach,21.0,1.67,0.0,3.33
2030142,spinach,21.0,1.67,0.0,3.33
2679744,spinach,24.0,2.35,0.0,3.53
2407368,spinach,29.0,2.35,0.0,4.71
2467942,spinach,24.0,2.35,0.0,3.53
2470521,spinach,24.0,2.35,0.0,3.53
2470525,spinach,24.0,2.35,0.0,3.53
2064611,spinach,26.0,1.74,0.0,3.48
2096599,spinach,294.0,11.8,2.35,55.3
2680530,spinach,24.0,2.35,0.0,3.53
2619734,spinach,24.0,2.35,0.0,3.53
2465452,spinach,24.0,2.35,0.0,3.53
2254729,spinach,24.0,2.35,0.0,3.53
2339607,tomato,71.0,14.3,0.0,35.7
2709719,"tomatoes, raw",20.0,0.82,0.31,4.04
2709308,guacamole with tomatoes,145.0,1.87,13.09,8.09
2709757,"soup, tomato",19.0,0.65,0.41,3.64
170461,tomato powder,302.0,12.9,0.44,74.7
2709723,"tomatoes, scalloped",110.0,2.7,4.97,14.1
170463,"tomato products, canned, sauce, with tomato tidbits",32.0,1.32,0.39,7.09
2709727,sun-dried tomatoes,258.0,14.11,2.97,55.76
170051,"tomatoes, red, ripe, canned, packed in tomato juice",69.0,0.79,0.25,3.47
2709725,fried green tomatoes,216.0,3.68,12.84,21.78
2709730,tomato juice cocktail,22.0,0.93,0.31,3.87
2709010,"rice, white, with tomatoes and/or tomato-based sauce, fat added",107.0,2.0,2.18,19.41
2709722,"tomatoes, canned, cooked",43.0,0.82,3.04,3.23
2709721,"tomatoes, fresh, cooked",50.0,1.08,3.42,4.71
2710198,bacon and tomato dressing,326.0,1.8,35.0,2.0
2708991,"beans and rice, with tomatoes",137.0,4.7,3.46,21.9
2706411,pork with chili and tomatoes,95.0,11.64,3.99,2.68
2709758,"soup, cream of tomato",70.0,1.21,4.68,6.39
2709821,cucumber salad made with cucumber and vinegar,34.0,0.5,0.13,6.79
2709784,"cucumber, raw",16.0,0.62,0.18,2.95
2709928,"cucumber, cooked",45.0,0.72,3.2,3.37
2709818,cucumber and vegetable namasu,56.0,0.47,0.18,12.22
2710249,"cucumber, for use on a sandwich",16.0,0.62,0.18,2.95
169225,"cucumber, peeled, raw",10.0,0.59,0.16,2.16
168409,"cucumber, with peel, raw",65.0,0.65,0.11,3.63
169379,"pickles, cucumber, sour",44.0,0.33,0.2,2.26
2709756,"tomato and cucumber salad made with tomato, cucumber, oil, and vinegar",122.0,0.52,10.18,6.35
2709820,"cucumber salad, made with italian dressing",120.0,0.46,9.96,6.19
324653,"pickles, cucumber, dill or kosher dill",12.0,0.48,0.43,1.99
168558,"pickles, cucumber, dill or kosher dill",12.0,0.5,0.3,2.41
168563,"pickles, cucumber, dill, reduced sodium",12.0,0.5,0.3,2.41
168562,"pickles, cucumber, sour, low sodium",44.0,0.33,0.2,2.26
167618,"sea cucumber, yane (alaska native)",233.0,13.0,0.4,0.0
2709819,"cucumber salad, made with sour cream dressing",66.0,1.3,5.18,3.7
169378,"pickles, cucumber, sweet (includes bread and butter pickles)",91.0,0.58,0.41,21.2
169380,"pickles, cucumber, sweet, low sodium (includes bread and butter pickles)",122.0,0.37,0.26,33.7
2453490,"cucumber hummus, cucumber",179.0,7.14,10.7,14.3
2709660,"carrots, raw",44.0,0.87,0.24,9.68
170500,"carrot, dehydrated",341.0,8.1,1.49,79.6
170393,"carrots, raw",173.0,0.93,0.24,9.58
2707845,"muffin, carrot",314.0,5.01,13.21,44.42
2709661,"carrots, raw, salad",212.0,1.25,15.74,17.62
2709677,"carrots, glazed, cooked",97.0,0.9,2.78,17.32
169871,"babyfood, carrots, toddler",21.0,0.6,0.3,5.23
2707859,"cake or cupcake, carrot",374.0,2.49,17.52,51.8
2709683,"carrot juice, 100%",40.0,0.95,0.15,9.28
170491,"carrot juice, canned",40.0,0.95,0.15,9.28
168568,"carrots, baby, raw",145.0,0.64,0.13,8.24
2710793,"carrots, cooked, as ingredient",50.0,0.98,0.36,10.7
746764,"carrots, frozen, unprepared",153.0,0.81,0.47,7.92
2709662,"carrots, raw, salad with apples",181.0,0.85,16.02,8.59
2709675,"carrots, canned, cooked with oil",50.0,0.62,3.1,5.38
2709663,"carrots, cooked, from restaurant",86.0,0.94,4.67,10.15
2709667,"carrots, fresh, cooked with oil",76.0,0.95,3.38,10.36
2709673,"carrots, frozen, cooked with oil",64.0,0.78,3.36,7.67
2710208,avocado dressing,427.0,1.9,43.33,7.36
2709223,"avocado, raw",160.0,2.0,14.66,8.53
173573,"oil, avocado",884.0,0.0,100.0,0.0
2710248,"avocado, for use on a sandwich",160.0,2.0,14.66,8.53
171706,"avocados, raw, california",697.0,1.96,15.4,8.64
171707,"avocados, raw, florida",120.0,2.23,10.1,7.82
2708960,"sushi roll, avocado",93.0,1.8,1.47,17.65
171705,"avocados, raw, all commercial varieties",160.0,2.0,14.7,8.53
2709824,"lettuce, salad with avocado, tomato, and/or carrots, with or without other vegetables, no dressing",54.0,1.29,3.39,5.5
2709307,"guacamole, nfs",155.0,1.95,14.18,8.45
2425060,"avocado chunks, avocado",167.0,3.33,15.0,10.0
2385996,"avocado crema, avocado",133.0,0.0,11.7,6.67
2412706,"avocado dip, avocado",179.0,0.0,16.1,10.7
2552944,"avocado dip, avocado",182.0,0.0,15.2,9.09
2680424,"avocado dressing, avocado",300.0,0.0,30.0,6.67
2679465,"avocado hommus, avocado",250.0,7.14,17.9,14.3
2499574,"avocado hummus, avocado",250.0,7.14,17.9,14.3
2408629,"avocado hummus, avocado",179.0,14.3,8.93,14.3
1864680,orange,381.0,4.76,0.0,90.5
2709171,"orange, raw",50.0,0.92,0.14,11.78
168819,"marmalade, orange",1030.0,0.3,0.0,66.3
2710647,orange blossom,98.0,0.57,0.26,9.32
2706443,orange chicken,262.0,14.46,12.68,22.46
167577,"sherbet, orange",602.0,1.1,2.0,30.4
2709172,"orange, canned, nfs",46.0,0.6,0.04,11.82
171354,"babyfood, juice, orange",186.0,0.6,0.3,10.2
174854,"beverages, carbonated, orange",48.0,0.0,0.0,12.3
169103,"orange peel, raw",97.0,1.5,0.2,25.0
2709174,"orange, canned, in syrup",55.0,0.59,0.04,14.07
169918,"oranges, raw, florida",192.0,0.7,0.21,11.5
746771,"oranges, raw, navels",196.0,0.91,0.15,11.8
169919,"oranges, raw, with peel",63.0,1.3,0.3,15.5
170502,"tomatoes, orange, raw",16.0,1.16,0.19,3.18
171355,"babyfood, juice, orange and apple",43.0,0.4,0.2,10.1
170961,"babyfood, juice, orange and apricot",46.0,0.8,0.1,10.9
170963,"babyfood, juice, orange and pineapple",48.0,0.5,0.1,11.7
169043,"babyfood, juice, orange-carrot",43.0,0.5,0.1,9.9
2388788,strawberry,50.0,3.33,0.0,113.0
2442262,strawberry,85.0,0.85,0.0,21.2
2021724,strawberry,250.0,0.0,0.0,65.0
1980577,strawberry,113.0,0.71,5.67,13.5
2116755,strawberry,250.0,0.0,0.0,65.0
2281467,strawberry,294.0,0.0,0.0,76.5
2024076,strawberry,250.0,0.0,0.0,65.0
1852103,strawberry,350.0,0.0,0.0,85.0
2709283,"strawberries, raw",36.0,0.64,0.22,7.96
2709284,"strawberries, canned",92.0,0.56,0.26,23.53
2709285,"strawberries, frozen",35.0,0.43,0.11,9.13
2708003,"pie, strawberry",289.0,2.88,11.6,44.22
167762,"strawberries, raw",136.0,0.67,0.3,7.68
168758,"toppings, strawberry",254.0,0.2,0.1,66.3
2707887,"cake or cupcake, strawberry",326.0,2.22,12.89,50.25
2707896,"cake, strawberry shortcake",214.0,3.31,4.73,40.09
173045,"guavas, strawberry, raw",69.0,0.58,0.6,17.4
168810,"ice creams, strawberry",192.0,3.2,8.4,27.6
172062,"mcdonald's, strawberry sundae",659.0,3.19,3.95,28.1
2707533,almond butter,641.0,20.67,52.72,21.11
2706797,almond chicken,195.0,15.66,13.16,4.46
2710181,almond oil,884.0,0.0,100.0,0.0
2707535,almond paste,458.0,9.0,27.74,47.81
2707490,"almonds, flavored",599.0,20.07,53.27,20.12
2707485,"almonds, nfs",598.0,20.96,52.54,21.01
2707487,"almonds, salted",601.0,20.13,53.43,20.18
2707486,"almonds, unroasted",626.0,21.45,51.09,20.03
2707489,"almonds, unsalted",607.0,20.33,53.96,20.38
2707900,"cookie, almond",514.0,5.37,26.22,63.78
170567,"nuts, almonds",579.0,21.2,49.9,21.6
171031,"oil, almond",3700.0,0.0,100.0,0.0
2707491,"almonds, honey roasted",579.0,14.11,45.34,35.84
2705408,"almond milk, chocolate",43.0,0.57,1.2,7.44
2705410,"almond milk, nfs",20.0,0.54,1.21,1.53
2705407,"almond milk, sweetened",30.0,0.53,1.18,4.31
2705409,"almond milk, unsweetened",15.0,0.55,1.22,0.34
2707488,"almonds, lightly salted",604.0,20.23,53.7,20.28
1917758,walnut,483.0,10.3,37.9,37.9
2118446,walnut,667.0,16.7,66.7,13.3
171030,"oil, walnut",3700.0,0.0,100.0,0.0
2710193,walnut oil,884.0,0.0,100.0,0.0
170187,"nuts, walnuts, english",2740.0,15.2,65.2,13.7
170593,"nuts, walnuts, glazed",500.0,8.28,35.7,47.6
2707532,"walnuts, honey roasted",668.0,9.8,56.92,29.04
170186,"nuts, walnuts, black, dried",619.0,24.1,59.3,9.58
2707531,"walnuts, excluding honey roasted",730.0,14.56,69.74,10.91
170594,"nuts, walnuts, dry roasted, with salt added",2690.0,14.3,60.7,17.9
174625,"cereals, quaker, instant oatmeal, raisins, dates and walnuts, dry",1550.0,8.82,6.98,72.4
171684,"cereals, quaker, oatmeal, real medleys, apple walnut, dry",1630.0,8.18,10.4,70.5
2707830,"muffin, fruit",375.0,4.49,16.07,53.0
2422766,"walnut nuggests, walnut",679.0,14.3,64.3,14.3
2658973,"walnut topping, walnut",679.0,14.3,64.3,14.3
2605679,"walnut topping, walnut",625.0,12.5,62.5,12.5
2707537,peanut butter,598.0,22.21,51.36,22.31
2031766,peanut butter,600.0,20.0,50.0,20.0
1945605,peanut butter,500.0,6.67,20.0,70.0
467670,peanut butter,567.0,23.3,46.7,10.0
480762,peanut butter,594.0,21.9,46.9,25.0
2063467,peanut butter,594.0,28.1,46.9,18.8
2025704,peanut butter,562.0,21.9,46.9,25.0
2099081,peanut butter,594.0,21.9,50.0,25.0
2009549,peanut butter,562.0,21.9,46.9,25.0
2100566,peanut butter,594.0,21.9,50.0,25.0
1946236,peanut butter,542.0,12.5,41.7,45.8
2424027,peanut butter,562.0,25.0,50.0,15.6
2096697,peanut butter,594.0,25.0,50.0,21.9
382800,peanut butter,562.0,21.9,46.9,28.1
1860552,peanut butter,562.0,21.9,46.9,25.0
2439116,peanut butter,588.0,25.0,50.0,18.8
1868012,peanut butter,594.0,25.0,50.0,21.9
2484953,peanut butter,594.0,25.0,50.0,21.9
2119780,peanut butter,606.0,24.2,48.5,27.3
2101270,peanut butter,594.0,21.9,50.0,25.0
2710186,olive oil,900.0,0.0,100.0,0.0
2055340,olive oil,800.0,0.0,93.3,0.0
1908628,olive oil,800.0,0.0,93.3,0.0
2102340,olive oil,800.0,0.0,93.3,0.0
1905976,olive oil,800.0,0.0,93.3,0.0
2073857,olive oil,429.0,0.0,42.9,7.14
2375518,olive oil,867.0,0.0,93.3,0.0
493787,olive oil,800.0,0.0,93.3,0.0
496830,olive oil,800.0,0.0,93.3,0.0
500853,olive oil,800.0,0.0,93.3,0.0
2040111,olive oil,800.0,0.0,93.3,0.0
2084071,olive oil,800.0,0.0,93.3,0.0
1582039,olive oil,800.0,0.0,93.3,0.0
1582077,olive oil,800.0,0.0,93.3,0.0
577489,olive oil,800.0,0.0,93.3,0.0
2085103,olive oil,800.0,0.0,93.3,0.0
2084295,olive oil,800.0,0.0,93.3,0.0
2084572,olive oil,800.0,0.0,93.3,0.0
2282486,olive oil,800.0,0.0,93.3,0.0
1857258,turkey,81.0,9.75,1.27,6.78
2067911,turkey,194.0,12.1,4.84,25.0
2106122,turkey,161.0,14.3,8.93,3.57
2134409,turkey,161.0,14.3,8.93,3.57
173857,"bologna, turkey",209.0,11.4,16.0,4.68
173571,"fat, turkey",900.0,0.0,99.8,0.0
171625,"frankfurter, turkey",933.0,12.2,17.3,3.81
172927,"pastrami, turkey",139.0,16.3,6.21,3.34
2706430,turkey with gravy,125.0,20.46,3.46,1.58
2706131,"turkey, back",203.0,25.58,11.26,0.0
2706132,"turkey, canned",185.0,25.3,8.1,0.9
2706133,"turkey, ground",211.0,26.87,11.5,0.0
2706127,"turkey, neck",161.0,22.29,7.3,0.0
2706104,"turkey, nfs",139.0,28.81,2.06,0.0
2706134,"turkey, nuggets",236.0,22.19,8.66,17.14
2706130,"turkey, tail",294.0,22.25,22.8,0.0
171504,"turkey, mechanically deboned, from turkey frames, raw",201.0,13.3,16.0,0.0
2706421,chicken or turkey cacciatore,174.0,13.19,10.62,6.92
2706789,chicken or turkey divan,140.0,15.51,7.26,4.01
2706200,turkey or chicken sausage,193.0,19.65,12.24,1.09
2038883,tofu,94.0,9.41,5.29,2.35
1910113,tofu,94.0,9.41,5.88,1.18
1863123,tofu,49.0,4.4,2.2,1.1
1864648,tofu,82.0,8.24,4.12,2.35
2387870,tofu,71.0,7.06,3.53,2.35
2443060,tofu,82.0,10.6,2.35,3.53
2094328,tofu,101.0,10.1,5.06,2.53
172451,"tofu, fried",1130.0,18.8,20.2,8.86
167695,"mayonnaise, made with tofu",1350.0,5.95,31.8,3.06
2707455,"soup, miso or tofu",24.0,2.21,0.85,2.3
2706844,"fish, tofu, and vegetables, tempura",177.0,4.01,16.0,4.53
172450,"tofu, dried-frozen (koyadofu)",477.0,52.5,30.3,10.0
174291,"tofu, hard, prepared with nigari",609.0,12.7,9.99,4.39
174280,"tofu, salted and fermented (fuyu)",116.0,8.92,8.0,4.38
173788,house foods premium firm tofu,85.0,10.9,4.19,0.97
173787,house foods premium soft tofu,245.0,6.38,2.71,2.19
172461,"mori-nu, tofu, silken, firm",62.0,6.9,2.7,2.4
2310033,mushroom,80.0,0.88,6.19,5.31
2065413,mushroom,15.0,1.54,0.0,1.54
2710053,fried mushrooms,222.0,4.63,12.91,21.9
2710084,"mushrooms, pickled",46.0,2.4,0.3,8.29
2709793,"mushrooms, raw",31.0,2.9,0.35,4.13
2710052,"mushrooms, stuffed",288.0,10.7,15.0,27.72
2710107,"soup, cream of mushroom",74.0,2.1,4.76,5.7
2706385,beef with mushroom sauce,163.0,21.97,7.54,1.83
171170,"gravy, mushroom, canned",50.0,1.26,2.71,5.47
2709940,"mushrooms, canned, cooked",47.0,1.82,2.84,4.95
2122593,corn,56.0,0.8,0.0,12.8
2155640,corn,93.0,2.67,0.67,21.3
2194089,corn,545.0,6.06,33.3,54.6
2386469,corn,94.0,3.53,1.18,18.8
2391141,corn,106.0,3.53,1.18,22.4
2710504,corn beverage,44.0,0.84,0.21,9.4
2710183,corn oil,900.0,0.0,100.0,0.0
2708195,corn nuts,446.0,8.5,15.64,71.86
2709923,"corn, creamed",72.0,1.74,0.42,18.13
2709783,"corn, raw",86.0,3.27,1.35,18.7
168920,"corn grain, white",365.0,9.42,4.74,74.3
170288,"corn grain, yellow",365.0,9.42,4.74,74.3
2705850,"beef, corned",251.0,18.17,18.98,0.47
2707044,corn dog,250.0,8.57,12.02,26.96
2710274,corn syrup,283.0,0.0,0.2,76.79
2710047,"fritter, corn",404.0,7.37,27.14,33.55
2710073,"relish, corn",111.0,1.7,0.91,25.7
2707823,"tortilla, corn",218.0,5.7,2.85,44.64
477475,sweet potato,106.0,5.45,1.28,16.4
1946920,sweet potato,250.0,6.25,12.5,32.8
2707648,"bread, sweet potato",241.0,8.64,2.87,45.38
2708012,"pie, sweet potato",269.0,4.96,9.75,41.08
2709710,sweet potato chips,529.0,2.92,32.19,56.54
2710308,sweet potato paste,305.0,0.49,0.34,75.14
2709704,"sweet potato, candied",187.0,1.18,3.48,37.69
2709697,"sweet potato, nfs",115.0,1.58,4.53,17.14
2709717,"sweet potato tots, school",192.0,2.27,9.39,37.45
2709708,"sweet potato, casserole or mashed",99.0,1.89,2.56,17.22
2707649,"bread, sweet potato, toasted",265.0,9.5,3.15,49.87
2709711,"sweet potato fries, frozen",192.0,2.27,9.39,37.45
2709709,"sweet potato fries, nfs",192.0,2.27,9.39,37.45
2709714,"sweet potato fries, school",192.0,2.27,9.39,37.45
169303,"sweet potato leaves, raw",42.0,2.49,0.51,8.82
169305,"sweet potato, canned, mashed",421.0,1.98,0.2,23.2
2710794,"sweet potato, cooked, as ingredient",82.0,1.65,0.4,18.05
172317,"babyfood, corn and sweet potatoes, strained",287.0,1.26,0.28,15.2
169042,"babyfood, juice, apple-sweet potato",47.0,0.3,0.1,11.4
386410,quinoa,360.0,10.0,4.0,70.0
2384144,quinoa,375.0,14.3,7.14,71.4
2307070,quinoa,356.0,13.3,4.44,66.7
2058561,quinoa,333.0,14.3,4.76,66.7
2286638,quinoa,357.0,14.3,7.14,64.3
1858805,quinoa,107.0,2.86,1.79,20.0
2299146,quinoa,120.0,4.32,1.89,21.1
1887406,quinoa,375.0,14.3,7.14,64.3
2451192,quinoa,368.0,29.5,5.89,64.0
2279801,quinoa,375.0,14.3,7.14,71.4
1017253,quinoa,308.0,12.8,6.41,48.7
2460337,quinoa,372.0,14.0,5.81,69.8
1776756,quinoa,368.0,14.1,5.88,64.1
2404720,quinoa,378.0,13.3,5.56,64.4
2078918,quinoa,378.0,13.3,6.67,64.4
2388635,quinoa,627.0,23.3,10.0,120.0
2605473,quinoa,378.0,13.3,5.56,64.4
2034932,quinoa,378.0,13.3,5.56,64.4
2437019,quinoa,372.0,14.0,5.81,65.1
1868004,quinoa,370.0,13.0,5.43,69.6
2017935,bulgur,341.0,12.5,2.27,67.0
1893881,bulgur,150.0,4.0,1.0,32.0
1899571,bulgur,342.0,12.0,1.3,76.0
170287,"bulgur, cooked",83.0,3.08,0.24,18.6
170688,"bulgur, dry",342.0,12.3,1.33,75.9
2708439,"bulgur, fat added",121.0,2.9,5.07,17.31
2708438,"bulgur, no added fat",83.0,3.06,0.24,18.48
2708440,"bulgur, ns as to fat",83.0,3.06,0.24,18.48
1917718,bulgur #4,360.0,12.0,1.5,74.0
2411014,bulgur & quinoa,400.0,12.9,2.14,74.3
1662774,bulgur wheat,200.0,20.0,0.0,0.06
454144,greek bulgur,324.0,11.7,1.19,71.4
2391843,"bulgur & artichokes organic italian meals, bulgur & artichokes",310.0,14.0,4.0,58.0
2090332,bulgur and quinoa with chickpeas,132.0,4.39,2.63,22.8
2074062,bulgur quinoa with vedetables,179.0,5.0,5.71,28.6
1988733,coarse bulgur wheat,367.0,13.3,0.0,76.7
2596403,coarse bulgur wheat,367.0,13.3,0.0,76.7
2081858,"heartland, bulgur wheat",350.0,12.5,1.25,75.0
2433763,cottage cheese,105.0,11.4,4.39,3.51
2102157,cottage cheese,62.0,10.6,0.0,3.54
2078618,cottage cheese,106.0,12.4,4.42,2.65
2474206,cottage cheese,97.0,10.6,4.42,4.42
1593065,cottage cheese,102.0,8.47,5.08,5.93
1864388,cottage cheese,80.0,11.5,0.88,4.42
2038049,cottage cheese,80.0,10.6,1.33,5.31
1920455,cottage cheese,71.0,10.6,0.0,5.31
1961804,cottage cheese,88.0,9.65,4.39,4.39
2117007,cottage cheese,88.0,13.3,2.21,3.54
2117010,cottage cheese,88.0,13.3,2.21,3.54
2117012,cottage cheese,88.0,13.3,2.21,3.54
2658451,cottage cheese,68.0,8.55,0.0,6.84
2546921,cottage cheese,95.0,7.5,4.0,6.5
2658102,cottage cheese,80.0,11.5,2.21,4.42
2287080,cottage cheese,106.0,11.5,4.42,3.54
2025821,cottage cheese,97.0,10.6,4.42,4.42
2101852,cottage cheese,105.0,12.3,4.39,4.39
2055879,cottage cheese,71.0,9.73,1.77,4.42
2639059,cottage cheese,100.0,11.8,5.45,3.64
